{
    "Statement": [
        {
            "Sid": "WhitelistedGet",
            "Effect": "Allow",
            "Principal": {
                "AWS": [
                    "arn:aws:iam::648410456371:role/frontend-code-build-service-role"
                ]
            },
            "Action": [
                "s3:GetObject",
                "s3:GetObjectVersion",
                "s3:GetBucketVersioning"
            ],
            "Resource": [
                "arn:aws:s3:::lazzaro-ongs-template-artifacts/*",
                "arn:aws:s3:::lazzaro-ongs-template-artifacts"
            ]
        },
        {
            "Sid": "WhitelistedPut",
            "Effect": "Allow",
            "Principal": {
                "AWS": [
                    "arn:aws:iam::648410456371:role/frontend-code-build-service-role"
                ]
            },
            "Action": "s3:PutObject",
            "Resource": [
                "arn:aws:s3:::lazzaro-ongs-template-artifacts/*",
                "arn:aws:s3:::lazzaro-ongs-template-artifacts"
            ]
        }
    ]
}