{
    "Rules": [
        {
            "RuleArn": "arn:aws:elasticloadbalancing:eu-central-1:648410456371:listener-rule/app/lb-prod-frontend/2c8d61deb8fe2564/a0731935f6523a49/d3a180000b07f217",
            "Priority": "2",
            "Conditions": [
                {
                    "Field": "host-header",
                    "Values": [
                        "hello.web.lazzaro.io"
                    ],
                    "HostHeaderConfig": {
                        "Values": [
                            "hello.web.lazzaro.io"
                        ]
                    }
                }
            ],
            "Actions": [
                {
                    "Type": "forward",
                    "TargetGroupArn": "arn:aws:elasticloadbalancing:eu-central-1:648410456371:targetgroup/hello/3179e06a8bcdf418",
                    "ForwardConfig": {
                        "TargetGroups": [
                            {
                                "TargetGroupArn": "arn:aws:elasticloadbalancing:eu-central-1:648410456371:targetgroup/hello/3179e06a8bcdf418",
                                "Weight": 1
                            }
                        ],
                        "TargetGroupStickinessConfig": {
                            "Enabled": false
                        }
                    }
                }
            ],
            "IsDefault": false
        },
        {
            "RuleArn": "arn:aws:elasticloadbalancing:eu-central-1:648410456371:listener-rule/app/lb-prod-frontend/2c8d61deb8fe2564/a0731935f6523a49/ad5f20689680aba9",
            "Priority": "8",
            "Conditions": [
                {
                    "Field": "host-header",
                    "Values": [
                        "pepito.web.lazzaro.io"
                    ],
                    "HostHeaderConfig": {
                        "Values": [
                            "pepito.web.lazzaro.io"
                        ]
                    }
                }
            ],
            "Actions": [
                {
                    "Type": "forward",
                    "TargetGroupArn": "arn:aws:elasticloadbalancing:eu-central-1:648410456371:targetgroup/pepito/fe40143913b6153d",
                    "ForwardConfig": {
                        "TargetGroups": [
                            {
                                "TargetGroupArn": "arn:aws:elasticloadbalancing:eu-central-1:648410456371:targetgroup/pepito/fe40143913b6153d",
                                "Weight": 1
                            }
                        ],
                        "TargetGroupStickinessConfig": {
                            "Enabled": false
                        }
                    }
                }
            ],
            "IsDefault": false
        },
        {
            "RuleArn": "arn:aws:elasticloadbalancing:eu-central-1:648410456371:listener-rule/app/lb-prod-frontend/2c8d61deb8fe2564/a0731935f6523a49/dadd892e9ccf99c6",
            "Priority": "9",
            "Conditions": [
                {
                    "Field": "host-header",
                    "Values": [
                        "ivanpre.web.lazzaro.io"
                    ],
                    "HostHeaderConfig": {
                        "Values": [
                            "ivanpre.web.lazzaro.io"
                        ]
                    }
                }
            ],
            "Actions": [
                {
                    "Type": "forward",
                    "TargetGroupArn": "arn:aws:elasticloadbalancing:eu-central-1:648410456371:targetgroup/ivanpre/c6713d99926d6821",
                    "ForwardConfig": {
                        "TargetGroups": [
                            {
                                "TargetGroupArn": "arn:aws:elasticloadbalancing:eu-central-1:648410456371:targetgroup/ivanpre/c6713d99926d6821",
                                "Weight": 1
                            }
                        ],
                        "TargetGroupStickinessConfig": {
                            "Enabled": false
                        }
                    }
                }
            ],
            "IsDefault": false
        },
        {
            "RuleArn": "arn:aws:elasticloadbalancing:eu-central-1:648410456371:listener-rule/app/lb-prod-frontend/2c8d61deb8fe2564/a0731935f6523a49/05d5791f0a44f55a",
            "Priority": "11",
            "Conditions": [
                {
                    "Field": "host-header",
                    "Values": [
                        "ivansaiz.web.lazzaro.io"
                    ],
                    "HostHeaderConfig": {
                        "Values": [
                            "ivansaiz.web.lazzaro.io"
                        ]
                    }
                }
            ],
            "Actions": [
                {
                    "Type": "forward",
                    "TargetGroupArn": "arn:aws:elasticloadbalancing:eu-central-1:648410456371:targetgroup/ivansaiz/0bc9e9b28dbf89e6",
                    "ForwardConfig": {
                        "TargetGroups": [
                            {
                                "TargetGroupArn": "arn:aws:elasticloadbalancing:eu-central-1:648410456371:targetgroup/ivansaiz/0bc9e9b28dbf89e6",
                                "Weight": 1
                            }
                        ],
                        "TargetGroupStickinessConfig": {
                            "Enabled": false
                        }
                    }
                }
            ],
            "IsDefault": false
        },
        {
            "RuleArn": "arn:aws:elasticloadbalancing:eu-central-1:648410456371:listener-rule/app/lb-prod-frontend/2c8d61deb8fe2564/a0731935f6523a49/3bae1a1e9821a6eb",
            "Priority": "15",
            "Conditions": [
                {
                    "Field": "host-header",
                    "Values": [
                        "davidmanso.web.lazzaro.io"
                    ],
                    "HostHeaderConfig": {
                        "Values": [
                            "davidmanso.web.lazzaro.io"
                        ]
                    }
                }
            ],
            "Actions": [
                {
                    "Type": "forward",
                    "TargetGroupArn": "arn:aws:elasticloadbalancing:eu-central-1:648410456371:targetgroup/davidmanso/312444e47ab14308",
                    "ForwardConfig": {
                        "TargetGroups": [
                            {
                                "TargetGroupArn": "arn:aws:elasticloadbalancing:eu-central-1:648410456371:targetgroup/davidmanso/312444e47ab14308",
                                "Weight": 1
                            }
                        ],
                        "TargetGroupStickinessConfig": {
                            "Enabled": false
                        }
                    }
                }
            ],
            "IsDefault": false
        },
        {
            "RuleArn": "arn:aws:elasticloadbalancing:eu-central-1:648410456371:listener-rule/app/lb-prod-frontend/2c8d61deb8fe2564/a0731935f6523a49/780caf92e5b4f607",
            "Priority": "16",
            "Conditions": [
                {
                    "Field": "host-header",
                    "Values": [
                        "davidm.web.lazzaro.io"
                    ],
                    "HostHeaderConfig": {
                        "Values": [
                            "davidm.web.lazzaro.io"
                        ]
                    }
                }
            ],
            "Actions": [
                {
                    "Type": "forward",
                    "TargetGroupArn": "arn:aws:elasticloadbalancing:eu-central-1:648410456371:targetgroup/davidm/cc2e4004e238727f",
                    "ForwardConfig": {
                        "TargetGroups": [
                            {
                                "TargetGroupArn": "arn:aws:elasticloadbalancing:eu-central-1:648410456371:targetgroup/davidm/cc2e4004e238727f",
                                "Weight": 1
                            }
                        ],
                        "TargetGroupStickinessConfig": {
                            "Enabled": false
                        }
                    }
                }
            ],
            "IsDefault": false
        },
        {
            "RuleArn": "arn:aws:elasticloadbalancing:eu-central-1:648410456371:listener-rule/app/lb-prod-frontend/2c8d61deb8fe2564/a0731935f6523a49/300dd69da739fe8c",
            "Priority": "18",
            "Conditions": [
                {
                    "Field": "host-header",
                    "Values": [
                        "newservice.web.lazzaro.io"
                    ],
                    "HostHeaderConfig": {
                        "Values": [
                            "newservice.web.lazzaro.io"
                        ]
                    }
                }
            ],
            "Actions": [
                {
                    "Type": "forward",
                    "TargetGroupArn": "arn:aws:elasticloadbalancing:eu-central-1:648410456371:targetgroup/newservice/9403f46552217e3c",
                    "ForwardConfig": {
                        "TargetGroups": [
                            {
                                "TargetGroupArn": "arn:aws:elasticloadbalancing:eu-central-1:648410456371:targetgroup/newservice/9403f46552217e3c",
                                "Weight": 1
                            }
                        ],
                        "TargetGroupStickinessConfig": {
                            "Enabled": false
                        }
                    }
                }
            ],
            "IsDefault": false
        },
        {
            "RuleArn": "arn:aws:elasticloadbalancing:eu-central-1:648410456371:listener-rule/app/lb-prod-frontend/2c8d61deb8fe2564/a0731935f6523a49/cb899348c1736efa",
            "Priority": "19",
            "Conditions": [
                {
                    "Field": "host-header",
                    "Values": [
                        "davidd.web.lazzaro.io"
                    ],
                    "HostHeaderConfig": {
                        "Values": [
                            "davidd.web.lazzaro.io"
                        ]
                    }
                }
            ],
            "Actions": [
                {
                    "Type": "forward",
                    "TargetGroupArn": "arn:aws:elasticloadbalancing:eu-central-1:648410456371:targetgroup/davidd/9c6237fe96a8d572",
                    "ForwardConfig": {
                        "TargetGroups": [
                            {
                                "TargetGroupArn": "arn:aws:elasticloadbalancing:eu-central-1:648410456371:targetgroup/davidd/9c6237fe96a8d572",
                                "Weight": 1
                            }
                        ],
                        "TargetGroupStickinessConfig": {
                            "Enabled": false
                        }
                    }
                }
            ],
            "IsDefault": false
        },
        {
            "RuleArn": "arn:aws:elasticloadbalancing:eu-central-1:648410456371:listener-rule/app/lb-prod-frontend/2c8d61deb8fe2564/a0731935f6523a49/738c509194bd0ab6",
            "Priority": "20",
            "Conditions": [
                {
                    "Field": "host-header",
                    "Values": [
                        "carlota.web.lazzaro.io"
                    ],
                    "HostHeaderConfig": {
                        "Values": [
                            "carlota.web.lazzaro.io"
                        ]
                    }
                }
            ],
            "Actions": [
                {
                    "Type": "forward",
                    "TargetGroupArn": "arn:aws:elasticloadbalancing:eu-central-1:648410456371:targetgroup/carlota/0180ea19696e1230",
                    "ForwardConfig": {
                        "TargetGroups": [
                            {
                                "TargetGroupArn": "arn:aws:elasticloadbalancing:eu-central-1:648410456371:targetgroup/carlota/0180ea19696e1230",
                                "Weight": 1
                            }
                        ],
                        "TargetGroupStickinessConfig": {
                            "Enabled": false
                        }
                    }
                }
            ],
            "IsDefault": false
        },
        {
            "RuleArn": "arn:aws:elasticloadbalancing:eu-central-1:648410456371:listener-rule/app/lb-prod-frontend/2c8d61deb8fe2564/a0731935f6523a49/a6ff02bff81c52fe",
            "Priority": "21",
            "Conditions": [
                {
                    "Field": "host-header",
                    "Values": [
                        "daviddd.web.lazzaro.io"
                    ],
                    "HostHeaderConfig": {
                        "Values": [
                            "daviddd.web.lazzaro.io"
                        ]
                    }
                }
            ],
            "Actions": [
                {
                    "Type": "forward",
                    "TargetGroupArn": "arn:aws:elasticloadbalancing:eu-central-1:648410456371:targetgroup/daviddd/06c07f7eafbef7fe",
                    "ForwardConfig": {
                        "TargetGroups": [
                            {
                                "TargetGroupArn": "arn:aws:elasticloadbalancing:eu-central-1:648410456371:targetgroup/daviddd/06c07f7eafbef7fe",
                                "Weight": 1
                            }
                        ],
                        "TargetGroupStickinessConfig": {
                            "Enabled": false
                        }
                    }
                }
            ],
            "IsDefault": false
        },
        {
            "RuleArn": "arn:aws:elasticloadbalancing:eu-central-1:648410456371:listener-rule/app/lb-prod-frontend/2c8d61deb8fe2564/a0731935f6523a49/8038172486ac7356",
            "Priority": "22",
            "Conditions": [
                {
                    "Field": "host-header",
                    "Values": [
                        "davidddd.web.lazzaro.io"
                    ],
                    "HostHeaderConfig": {
                        "Values": [
                            "davidddd.web.lazzaro.io"
                        ]
                    }
                }
            ],
            "Actions": [
                {
                    "Type": "forward",
                    "TargetGroupArn": "arn:aws:elasticloadbalancing:eu-central-1:648410456371:targetgroup/davidddd/78e446a8d01d6ab3",
                    "ForwardConfig": {
                        "TargetGroups": [
                            {
                                "TargetGroupArn": "arn:aws:elasticloadbalancing:eu-central-1:648410456371:targetgroup/davidddd/78e446a8d01d6ab3",
                                "Weight": 1
                            }
                        ],
                        "TargetGroupStickinessConfig": {
                            "Enabled": false
                        }
                    }
                }
            ],
            "IsDefault": false
        },
        {
            "RuleArn": "arn:aws:elasticloadbalancing:eu-central-1:648410456371:listener-rule/app/lb-prod-frontend/2c8d61deb8fe2564/a0731935f6523a49/701936b81f3159c4",
            "Priority": "23",
            "Conditions": [
                {
                    "Field": "host-header",
                    "Values": [
                        "daviddddd.web.lazzaro.io"
                    ],
                    "HostHeaderConfig": {
                        "Values": [
                            "daviddddd.web.lazzaro.io"
                        ]
                    }
                }
            ],
            "Actions": [
                {
                    "Type": "forward",
                    "TargetGroupArn": "arn:aws:elasticloadbalancing:eu-central-1:648410456371:targetgroup/daviddddd/c61bb69d5332510a",
                    "ForwardConfig": {
                        "TargetGroups": [
                            {
                                "TargetGroupArn": "arn:aws:elasticloadbalancing:eu-central-1:648410456371:targetgroup/daviddddd/c61bb69d5332510a",
                                "Weight": 1
                            }
                        ],
                        "TargetGroupStickinessConfig": {
                            "Enabled": false
                        }
                    }
                }
            ],
            "IsDefault": false
        },
        {
            "RuleArn": "arn:aws:elasticloadbalancing:eu-central-1:648410456371:listener-rule/app/lb-prod-frontend/2c8d61deb8fe2564/a0731935f6523a49/49c5f902bfae551a",
            "Priority": "24",
            "Conditions": [
                {
                    "Field": "host-header",
                    "Values": [
                        "helloworld.web.lazzaro.io"
                    ],
                    "HostHeaderConfig": {
                        "Values": [
                            "helloworld.web.lazzaro.io"
                        ]
                    }
                }
            ],
            "Actions": [
                {
                    "Type": "forward",
                    "TargetGroupArn": "arn:aws:elasticloadbalancing:eu-central-1:648410456371:targetgroup/helloworld/ceff7adf3c664009",
                    "ForwardConfig": {
                        "TargetGroups": [
                            {
                                "TargetGroupArn": "arn:aws:elasticloadbalancing:eu-central-1:648410456371:targetgroup/helloworld/ceff7adf3c664009",
                                "Weight": 1
                            }
                        ],
                        "TargetGroupStickinessConfig": {
                            "Enabled": false
                        }
                    }
                }
            ],
            "IsDefault": false
        },
        {
            "RuleArn": "arn:aws:elasticloadbalancing:eu-central-1:648410456371:listener-rule/app/lb-prod-frontend/2c8d61deb8fe2564/a0731935f6523a49/76da41871f70bc5b",
            "Priority": "25",
            "Conditions": [
                {
                    "Field": "host-header",
                    "Values": [
                        "daav.web.lazzaro.io"
                    ],
                    "HostHeaderConfig": {
                        "Values": [
                            "daav.web.lazzaro.io"
                        ]
                    }
                }
            ],
            "Actions": [
                {
                    "Type": "forward",
                    "TargetGroupArn": "arn:aws:elasticloadbalancing:eu-central-1:648410456371:targetgroup/daav/2ab68168044168b8",
                    "ForwardConfig": {
                        "TargetGroups": [
                            {
                                "TargetGroupArn": "arn:aws:elasticloadbalancing:eu-central-1:648410456371:targetgroup/daav/2ab68168044168b8",
                                "Weight": 1
                            }
                        ],
                        "TargetGroupStickinessConfig": {
                            "Enabled": false
                        }
                    }
                }
            ],
            "IsDefault": false
        },
        {
            "RuleArn": "arn:aws:elasticloadbalancing:eu-central-1:648410456371:listener-rule/app/lb-prod-frontend/2c8d61deb8fe2564/a0731935f6523a49/9be6941a5a39438b",
            "Priority": "26",
            "Conditions": [
                {
                    "Field": "host-header",
                    "Values": [
                        "daavv.web.lazzaro.io"
                    ],
                    "HostHeaderConfig": {
                        "Values": [
                            "daavv.web.lazzaro.io"
                        ]
                    }
                }
            ],
            "Actions": [
                {
                    "Type": "forward",
                    "TargetGroupArn": "arn:aws:elasticloadbalancing:eu-central-1:648410456371:targetgroup/daavv/cb008666d1c4c46d",
                    "ForwardConfig": {
                        "TargetGroups": [
                            {
                                "TargetGroupArn": "arn:aws:elasticloadbalancing:eu-central-1:648410456371:targetgroup/daavv/cb008666d1c4c46d",
                                "Weight": 1
                            }
                        ],
                        "TargetGroupStickinessConfig": {
                            "Enabled": false
                        }
                    }
                }
            ],
            "IsDefault": false
        },
        {
            "RuleArn": "arn:aws:elasticloadbalancing:eu-central-1:648410456371:listener-rule/app/lb-prod-frontend/2c8d61deb8fe2564/a0731935f6523a49/a8b85dfe84d6b5e7",
            "Priority": "default",
            "Conditions": [],
            "Actions": [
                {
                    "Type": "forward",
                    "TargetGroupArn": "arn:aws:elasticloadbalancing:eu-central-1:648410456371:targetgroup/hello/3179e06a8bcdf418",
                    "ForwardConfig": {
                        "TargetGroups": [
                            {
                                "TargetGroupArn": "arn:aws:elasticloadbalancing:eu-central-1:648410456371:targetgroup/hello/3179e06a8bcdf418",
                                "Weight": 1
                            }
                        ],
                        "TargetGroupStickinessConfig": {
                            "Enabled": false
                        }
                    }
                }
            ],
            "IsDefault": true
        }
    ]
}
